#Предлагаю схему, которую считаю универсальной, при лечении любого пациента с невыясненной этиологией заболевания.
#1.ОСНОВНЫЕ:
#381 - Chlamidia trachomatis
#381 - Stafilococcus aureus
#381 - Trichomonus vaginalis (muris)
#404.5 - Trichinella spiralis
#408 - Askaris larvae
#2. 421, 423, 425, 434 кгц. (по 4 минуты на каждую частоту) В данном случае мы убиваем
#трематоду, чтобы приостановить процесс роста любых атипичных клеток. Далее, следуя этой
#схеме, проводим цеппинг по уничтожению др. патогенной флоры, чтобы прекратился рост
#воспроизводства агрессивных форм, ранее рецессивных паразитов:
#394 - Shigella flexneri – часто встречается у лиц, принимающих антидепрессанты.
#390
#089 - Shigella dysenteriae, проблемы с кишечником
#390 - Salmonella typhimurium, заражение пищи, нервозность, апатия. Использование данной
#частоты, особенно эффективно используется при лечении пациентов, которые длительное время
#употребляли антидепрессанты.
#318 - Shigella sonnei, поселяется в опухолях
#Streptococcus mitis, зубная инфекция, абцессы, вызывает окостенение костей.
#325 - Bacteria fargilis – она всегда «живет» с крупными червями
#329 - Salmonella enteridis, кишечная инфекция
#2
#355 - Salmonella typhimurium + 386+ 390 ( из коридора 382-387) + частота кандиды здесь же
#( 382-387).
#368, 385 - Salmonella paratyphi
#381 - Trichomonus vaginalis (muris) работать в конце повторно.
#365- HIV – вирус иммунодефицита ВИЧ - желательно использоваться при
#онкологии и тяжелых хронических заболеваниях для коррекции иммунной системы
#человека.
#3. Используют специфический спектр частот индивидуальной диагностики человека.
#При онкологии, если обнаружены цестоды, то лечение необходимо начинать с них в течение
#не менее 8 дней.
#Необходимо в течение дня пройти весь спектр частот, указанных в схеме, не менее 3-4 минут
#на частоту.
#Отдельным сеансом необходимо использовать частоты плесени, начиная с афлатоксина и им
#заканчивая.
#Следующим этапом цеппингового воздействия, является работа с токсинами, слизистой
#плесенью, патогенными сине-зеленного водорослями, Bryozoa cristatala, Mukor mucedo, Rhzobium
#melilotu.

cycle,[381000,404500,408000,421000,423000,425000,434000,394000,390000,89000,390000,318000,325000,329000,355000,386000,390000,382000,387000,368000,385000,381000,365000],on=420,off=0,{"channel":"1","amplitude":20,"waveform":"cmos"}